game_id,round,voter_id,voter_role,target_id,target_role,reason,timestamp
20250325_002840,1,player1,werewolf,player4,witch,"【沉思片刻，谨慎地开口】

作为一名村民，我仔细分析了当前的局势。从前面几位玩家的发言来看，大家的怀疑主要集中在孙一(player6)、周二(player7)和赵灵(player4)身上。

我注意到赵灵的表现确实比较可疑。从游戏开始到现在，她一直保持着异常的沉默，这种过分低调的表现很不自然。而且，已经有多位玩家都注意到了这一点，这说明这种反常的行为确实值得警惕。

虽然周二和孙一也被提到过，但他们的行为还算正常范围内。相比之下，赵灵的沉默更像是在刻意隐藏什么，这种表现在第一轮尤其危险。

因此，经过深思熟虑，我认为赵灵的嫌疑最大。这种刻意的沉默很可能是在掩饰自己的身份，为了村庄的安全，我们不能掉以轻心。

选择player4

【暗自松了一口气，希望这个选择能够转移其他人对自己的注意】",2025-03-25T00:33:02.336309
20250325_002840,1,player2,werewolf,player4,witch,经过分析，我认为赵灵(player4)的行为最为可疑。她在多次发言中表现出极强的逻辑性和洞察力，这种能力对狼人阵营构成了一定的威胁。此外，李勇(player2)在对话中也多次提到赵灵的分析能力可能对狼人不利，这进一步加深了我对她的怀疑。虽然孙一(player6)和吴三(player8)的行为也有可疑之处，但赵灵的逻辑性更为突出，可能会在后续的讨论中引导好人阵营做出不利于狼人的决策。因此，为了减少好人阵营的推理优势，我选择[player4]。,2025-03-25T00:33:07.252317
20250325_002840,1,player3,seer,player2,werewolf,经过分析，当前局势还非常开放，但李勇和孙一的沉默确实引起了我的关注。赵灵提到他们有奇怪的表现，而他们在被问及时未能给出明确的回应，这让人难以信服。【王智目光谨慎地扫过李勇和孙一，语气平和却坚定】虽然沉默可能是出于谨慎，但在狼人杀里，它也常常是隐藏真实身份的手段。因此，在缺乏更多信息的情况下，我倾向于选择更加积极互动的玩家作为评判标准。基于这一点，我选择[player2]，希望李勇能够在接下来的讨论中证明自己。,2025-03-25T00:33:19.847429
20250325_002840,1,player4,witch,player5,hunter,经过仔细分析，我认为当前最值得怀疑的是player5钱强。虽然他质疑了王智的身份，但他的发言过于模棱两可，缺乏实质性内容，更像是在试探风向。作为一个普通村民，这种表现很不正常。相比之下，其他人的行为虽然也有可疑之处，但钱强的发言更像是一种策略性的伪装。因此我选择[player5]。同时我会继续观察其他玩家的表现，特别是李勇和孙一的行为，以便在接下来的回合中做出更准确的判断。,2025-03-25T00:33:27.881398
20250325_002840,1,player5,hunter,player2,werewolf,经过分析，我认为 player2 的行为最为可疑，他全程沉默不语，这种异常行为确实让人怀疑他在隐藏什么。虽然 player1 的分析有一定道理，但她的态度过于谨慎，似乎在隐瞒什么。目前局势还不太明朗，我会继续观察他们的言行，寻找更多线索。因此我选择[player2]。,2025-03-25T00:33:31.340534
20250325_002840,1,player6,villager,player2,werewolf,经过分析，我认为player2的行为最为可疑。他在第一回合从始至终一声未吭，完全没有给出任何观点或提示，这种过于沉默的态度很可能是狼人刻意隐藏身份的表现。同时，其他玩家都有一定的发言，而player2的异常沉默与大家的讨论形成鲜明对比，增加了他的嫌疑。因此，我选择[player2]。,2025-03-25T00:33:36.538122
20250325_002840,1,player7,villager,player5,hunter,"根据目前的信息，钱强两次提到王智是预言家，虽然表现得谨慎，但也可能是在混淆视听。李勇一直沉默，确实可疑，而孙一的表现也让我觉得有些刻意，像是伪装。综合考虑，我更倾向于钱强有可能是狼人，他过于强调王智的身份，像是想转移视线。

我选择[player5]
",2025-03-25T00:33:39.100033
20250325_002840,1,player8,villager,player5,hunter,"两次的发言都将我自己的身份定为普通村民，并对场上局势进行了分析。

综合两次发言和所有信息，我做出如下判断：

1.  **王智(player3)跳预言家，查验赵灵(player4)为好人。** 这点暂时存疑，因为存在狼人悍跳预言家的可能性。
2.  **赵灵(player4)认领了好人身份。** 结合王智(player3)的查验，赵灵(player4)大概率是好人。
3.  **钱强(player5)对场上形势进行了分析，并质疑李勇(player2)和孙一(player6)。** 钱强的发言具有一定的引导性，试图将大家的注意力引向李勇和孙一，甚至质疑预言家王智，这增加了他的嫌疑。
4.  **李勇(player2)全程沉默。** 这非常可疑，一个普通村民在第一轮不发言，这本身就很奇怪，极有可能是狼人。
5.  **孙一(player6)被指责坐姿僵硬，表现刻意。** 这一点相对主观，需要更多信息判断。

基于以上分析，我认为钱强(player5)和李勇(player2)最为可疑。钱强(player5)的发言过于积极，且具有强烈的引导性，试图带节奏；李勇(player2)全程沉默，行为反常。相比之下，钱强(player5)更像是在主动跳出来混淆视听，转移视线。因此，我优先选择投票给钱强。

我选择[player5]
",2025-03-25T00:33:49.546069
20250325_002840,1,player1,werewolf,player3,seer,"【沉思片刻，装作正义凛然的样子】

作为一名村民，我仔细分析了当前的局势。从目前的发言来看，有几个关键点值得注意：

1. 多位玩家都提到了孙一(player6)的可疑行为，他确实表现得过分谨慎，而且总是暗中观察他人。这种行为模式很符合狼人的特征。

2. 赵灵(player4)的异常沉默被多次提及，但我认为这可能是她作为好人在认真思考的表现。过分针对沉默的玩家反而可能会误伤好人。

3. 周二(player7)虽然被指出与吴三有互动，但这种公开的互动反而不太像狼人的行为方式。

4. 王智(player3)的沉默确实值得关注，但目前还没有更多实质性的可疑点。

综合以上分析，我认为最值得怀疑的是孙一。他那种刻意的低调和暗中观察的行为，非常符合狼人的特征。而且已经有多位玩家都注意到了他的异常，这种共识不能忽视。

选择player6

【暗自庆幸转移了注意力，避免了其他人对自己的怀疑】",2025-03-25T00:35:16.867716
20250325_002840,1,player3,seer,player6,villager,经过分析，我认为player6（孙一）的表现较为可疑。尽管没有直接证据，但是他在两个重要玩家发言后仍然选择沉默，这让我不禁怀疑他可能有隐瞒什么。作为seer，我理解当前局势还很早，不宜过早暴露信息或过于激进怀疑他人，但孙一的表现确实不符合通常好人的行为模式。因此我选择[player6]。希望接下来的讨论中，孙一能给出更多关于他沉默的原因，帮助我们更好地判断。,2025-03-25T00:35:27.285685
20250325_002840,1,player4,witch,player5,hunter,经过分析，我认为player5的行为最值得怀疑。钱强在讨论中对王智的身份存疑，但他的分析模棱两可，没有明确方向，更像是在观望风向。这种模糊的态度在游戏初期非常危险，容易误导好人阵营的判断。同时，作为一个普通村民，他既没有提供有价值的信息，也没有表明自己的立场，这种行为模式很可能是狼人故意伪装成平民来混淆视听。相比之下，虽然李勇沉默不语确实可疑，但在信息不足的情况下保持谨慎也符合平民的正常反应。因此我选择[player5]。,2025-03-25T00:35:35.015880
20250325_002840,1,player5,hunter,player1,werewolf,我选择[player1]。李勇全程沉默不语，这种异常行为让人怀疑他在隐藏什么。而且在第一轮发言中，他也没有提供任何有价值的信息。相比之下，其他玩家的发言和行为都相对正常，没有明显的可疑之处。因此，我认为李勇是最有可能是狼人的玩家，我选择投票给他。,2025-03-25T00:35:38.714417
20250325_002840,1,player6,villager,player5,hunter,经过仔细思考我认为钱强(player5)的发言最为可疑。他对李勇（虽然李勇并未出现在存活名单中）和我都表达了疑虑，但他的分析明显比较表面，没有给出充分的证据来证明对方的身份。这样的发言容易显得刻意转移视线、混淆视听，符合狼人常用的策略。综合这些迹象，我判断钱强可能正是藏匿身份的狼人。因此，我选择[player5].,2025-03-25T00:35:54.283552
20250325_002840,1,player7,villager,player5,hunter,"综合之前的发言，我倾向于投票给钱强(player5)。首先，他两次提到王智是预言家，虽然表面上看似正常，但结合他后续并没有对王智的验人结果（赵灵是好人）做出进一步分析，显得有些刻意。其次，他没有提出其他明确的怀疑对象，只是一味强调预言家身份，有混淆视听的嫌疑。虽然李勇(player1)沉默寡言，孙一(player6)可能存在伪装，但钱强的发言逻辑更像是在引导大家忽略其他可能性，从而保护潜在的狼人同伴。因此，我选择[player5]。
",2025-03-25T00:35:57.337434
20250325_002840,1,player8,villager,player5,hunter,"综合两次发言，我的判断如下：

1.  **王智（player3）** 自称预言家，查验了赵灵（player4）是好人。这是目前唯一明确的好人信息。虽然预言家身份还不能完全确认，但暂时没有理由直接怀疑他。

2.  **赵灵（player4）** 被王智验为好人，她也认领了好人身份。她指出了李勇和钱强的沉默可疑。

3.  **钱强（player5）** 对王智的预言家身份表示了质疑，认为“不能完全排除”狼人悍跳的可能性。他还将可疑目标指向了李勇和孙一。正如我在发言中指出的，钱强的发言具有很强的引导性，试图将大家的注意力从他自己身上转移走。他的行为非常符合狼人混淆视听、转移目标的策略。

4. **张大胆（player1)**, **孙一(player6)**, **周二(player7)** 没有特殊的发言和行为。

5. **李勇** 全程沉默，这非常可疑。一个普通村民在第一轮通常会积极发言以表明自己的身份，沉默不语的行为更像是狼人试图隐藏自己。但考虑到现在信息过少，李勇也有可能是个比较内向的村民，第一轮选择沉默观察。

基于以上分析，钱强（player5）的发言具有强烈的引导性和目的性，而且他还试图质疑预言家的身份，这让我非常怀疑他的真实动机。而李勇虽然沉默也很可疑,但毕竟没有明确的狼性发言。相比之下，钱强更像是试图搅浑水的狼人。

我选择[player5]
",2025-03-25T00:36:13.687036
20250325_002840,1,player1,,player4,,,2025-03-25T00:33:02.336363
20250325_002840,1,player2,,player4,,,2025-03-25T00:33:07.252344
20250325_002840,1,player3,,player2,,,2025-03-25T00:33:19.847451
20250325_002840,1,player4,,player5,,,2025-03-25T00:33:27.881422
20250325_002840,1,player5,,player2,,,2025-03-25T00:33:31.340556
20250325_002840,1,player6,,player2,,,2025-03-25T00:33:36.538156
20250325_002840,1,player7,,player5,,,2025-03-25T00:33:39.100052
20250325_002840,1,player8,,player5,,,2025-03-25T00:33:49.546124
20250325_002840,1,player1,,player3,,,2025-03-25T00:35:16.867791
20250325_002840,1,player3,,player6,,,2025-03-25T00:35:27.285710
20250325_002840,1,player4,,player5,,,2025-03-25T00:35:35.015901
20250325_002840,1,player5,,player1,,,2025-03-25T00:35:38.714433
20250325_002840,1,player6,,player5,,,2025-03-25T00:35:54.283589
20250325_002840,1,player7,,player5,,,2025-03-25T00:35:57.337456
20250325_002840,1,player8,,player5,,,2025-03-25T00:36:13.687081
20250325_002840,2,player1,werewolf,player3,seer," 经过仔细分析第一、第二轮的讨论记录，我认为王智(player3)是目前最可疑的玩家。以下是我的分析和投票理由：

1. 行为异常：王智在游戏中表现出不同寻常的沉默。作为一个平时活跃的人，突然变得如此安静，这种反常的态度很容易引起怀疑。连续两轮讨论中，他都几乎没有发表有效的意见，这种刻意的低调很可能意味着他在隐藏什么。

2. 被多人注意：在其他玩家的发言中，王智被反复提及为可疑对象。几乎每一轮的讨论都会特别指出他的异常行为，这种反复出现的""嫌疑""不能被忽视。

3. 推测身份：作为一个狼人，我需要引导投票，帮助狼人阵营消灭一个好人。王智的行为恰好提供了一个很好的""替罪羊""。通过引导大家关注他，可以转移对其他狼人的注意力。

4. 策略考虑：选择王智可以制造一种""我们正在积极找出可疑玩家""的假象，有助于我们狼人的隐藏。

基于以上分析，我选择player3。",2025-03-25T00:41:23.587051
20250325_002840,2,player3,seer,player8,villager,经过分析，我认为玩家中最值得怀疑的是【player8】吴三。他在第一轮中提到了对我的查验结果的质疑，而且并没有给出具体可疑的行为或依据，这在逻辑上不够严谨。此外，他的发言中试图将赵灵和我同时带上怀疑的名单，这种模棱两可的态度在狼人杀中经常是为了误导大家。我认为这种试探性的发言和行为更加符合狼人的特征。因此，我选择[player8]。,2025-03-25T00:41:33.183937
20250325_002840,2,player4,witch,player8,villager,"经过仔细分析，我认为当前最值得怀疑的是player8吴三。他在两轮发言中都表现出明显的引导性，试图将大家的注意力集中在李勇和孙一身上，而自己的态度却始终模棱两可。作为一个好人，应该更积极地提供具体线索，而不是一味地转移视线。他的这种行为很可能是狼人试图误导村民的策略。

选择[player8]",2025-03-25T00:41:38.637872
20250325_002840,2,player6,villager,player3,seer,经过细致观察，我发现王智（player3）自称预言家但他的指认目标频繁变动，逻辑不够稳定，今天突然指认张大胆（player1）为狼人，这种反复变化的态度显示出他并没有一个明确和坚固的判断依据。同时，相比之下，其他存活玩家如赵灵的发言更为谨慎和理性。王智似乎在制造混乱，以误导大家判断和转移视线，因此我选择[player3]。,2025-03-25T00:41:51.439226
20250325_002840,2,player7,villager,player1,werewolf,"综合考虑，我决定先相信王智的验人信息。虽然存在王智是狼人悍跳的可能，但如果我是狼人，首夜大概率会选择刀掉预言家，而不是悍跳。钱强和李勇虽然可疑，但他们的可疑点不足以让我直接投票。张大胆被验为狼人，风险相对较小。所以，选择[player1]
",2025-03-25T00:41:54.000590
20250325_002840,2,player8,villager,player7,villager,"综合两轮的发言和场上形势，我的判断如下：

1.  **李勇 (未给出ID)**：连续两轮保持沉默，这在村民玩家中极不寻常。即使是普通村民，也会有基本的分析和判断，至少会表达对其他玩家的看法。李勇的完全沉默，唯一的解释就是他是狼人，害怕发言暴露自己的逻辑漏洞或狼队信息。

2.  **钱强 (未给出ID)**：发言具有很强的引导性，多次质疑预言家王智的身份，并试图将怀疑引向其他玩家。虽然他的某些分析看似合理，但过于积极地带节奏，反而增加了他的狼人嫌疑。

3.  **王智 (player3)**：自称预言家，给出了验人信息。虽然不能完全排除他是狼人悍跳的可能性，但目前没有确凿的证据证明他是狼人。我们需要通过后续的发言和投票来进一步观察。

4. **赵灵 (player4):** 被王智验为好人, 发言比较谨慎, 逻辑也比较自洽。

5.  **张大胆 (player1)**: 被王智验为狼人.

6.  **孙一 (player6):** 行为举止有些刻意，但比起李勇还是更像尝试融入的村民。

7. **周二(player7):** 目前为止没有特别可疑的行为.

基于以上分析，李勇的沉默是最为反常和可疑的。在没有更多信息的情况下，优先排除最可疑的目标是合理的策略。虽然钱强也有嫌疑，但李勇的行为更直接地指向狼人身份。

我选择[未知] (因为李勇没有给出ID，只能选择未知，建议在游戏中明确指出李勇的玩家ID)
",2025-03-25T00:42:28.714368
20250325_002840,2,player1,werewolf,player6,villager,"【沉思片刻，谨慎地环视四周】

经过仔细分析当前局势，我认为赵灵(player4)的表现最为可疑。以下是我的理由：

1. 从多轮讨论来看，赵灵一直保持着异常的沉默。作为一个村民，这种过分低调的表现反而显得很不自然。

2. 其他玩家也多次提到了赵灵的可疑之处，特别是她那种暗中观察却很少发表意见的行为模式。这种表现很可能是在掩饰自己的真实身份。

3. 虽然周二(player7)和吴三(player8)之间有些互动引人注目，但这反而可能是他们在认真找寻线索的表现。相比之下，赵灵的刻意回避更值得警惕。

4. 孙一(player6)虽然也被怀疑过，但他的观察行为更像是一个谨慎的好人在寻找线索，而不是刻意的躲避。

综上所述，选择player4。这种刻意保持低调、几乎不发表实质性意见的行为，很可能说明她在隐藏着什么重要信息。

【装作若无其事地整理衣袖，暗自观察其他人的反应】",2025-03-25T00:43:34.352872
20250325_002840,2,player4,witch,player6,villager,"选择[player6]

理由：从目前局势来看，孙一(player6)的表现最为异常。他过于刻意地表现自己是个认真倾听的玩家，这种""过于完美""的行为模式反而显得不自然。作为一个可能隐藏身份的狼人，他试图通过假装无辜来误导大家。相比之下，其他存活玩家要么有明确的角色支撑（如预言家王智已验过我为好人），要么沉默但没有明显破绽（如李勇）。因此，我认为当前最应该出局的是player6，这样才能进一步看清局势。",2025-03-25T00:43:42.542553
20250325_002840,2,player6,villager,player1,werewolf,"经过仔细分析各位玩家的发言及讨论逻辑，我发现虽然讨论中多次提到了沉默和模糊发言的嫌疑，但实际存活的玩家中，赵灵(player4)态度较为坦诚，而周二(player7)和吴三(player8)目前没有引起特别的怀疑。关键在于关于张大胆(player1)的讨论：有一位自称预言家的玩家曾反复指向张大胆，这种频繁变换目标、指认不停制造混乱的行为，让我觉得这可能是一种试图混淆视听的策略。虽然指认可能是误导，但对比其他玩家较为稳健的表现，张大胆身上存在较多不确定因素。因此，为了避免被迷雾所惑，我认为张大胆(player1)行为存在可疑之处，有可能正是狼人的伪装手段。

我选择[player1]",2025-03-25T00:44:08.157263
20250325_002840,2,player7,villager,player4,witch,三次投票无效，系统随机指定,2025-03-25T00:44:14.184353
20250325_002840,2,player8,villager,player1,werewolf,"经过两轮的发言，我目前认为最可疑的玩家是李勇(没有ID)。理由如下：

1.  **完全沉默：** 在两轮的关键发言时间里，李勇(没有ID)始终保持沉默，没有提供任何信息，也没有为自己辩解。这对于一个普通村民来说是极不寻常的。村民应该积极参与讨论，提供线索，帮助大家找出狼人。而李勇(没有ID)的沉默，只能说明他要么极其不擅长这个游戏，要么就是狼人，害怕言多必失。考虑到狼人杀游戏的性质，后者的可能性远大于前者。

2.  **其他玩家的怀疑：** 几乎所有玩家都对李勇(没有ID)的沉默表示了怀疑，包括被预言家验证为好人的赵灵(player4)。虽然钱强(没有ID)有带节奏的嫌疑，但大家对李勇(没有ID)的怀疑并非空穴来风。

3.  **排除其他嫌疑人：**
    *   王智(没有ID)虽然是预言家，存在悍跳狼的可能性，但目前至少提供了明确的信息，我们需要根据这些信息进行判断。
    *   赵灵(player4)被预言家验证为好人，可信度较高。
    *   钱强(没有ID)的发言虽然有引导性，但逻辑尚且自洽，且没有像李勇(没有ID)那样完全沉默。
    *  孙一(player6)虽然表现有些刻意, 但至少有发言, 并且尝试为自己辩解。
    * 张大胆(player1)被预言家验证为狼人。

在所有存活玩家中，李勇(没有ID)的行为最不符合逻辑，也最符合狼人的行为模式。因此，为了村民阵营的胜利，我选择将票投给李勇。

但是由于李勇没有ID，而当前有ID的玩家中，张大胆(player1)被报狼，我选择张大胆。

选择[player1]
",2025-03-25T00:44:45.196581
20250325_002840,2,player1,,player3,,,2025-03-25T00:41:23.587118
20250325_002840,2,player3,,player8,,,2025-03-25T00:41:33.183957
20250325_002840,2,player4,,player8,,,2025-03-25T00:41:38.637892
20250325_002840,2,player6,,player3,,,2025-03-25T00:41:51.439246
20250325_002840,2,player7,,player1,,,2025-03-25T00:41:54.000610
20250325_002840,2,player8,,player7,,,2025-03-25T00:42:28.714418
20250325_002840,2,player1,,player6,,,2025-03-25T00:43:34.352935
20250325_002840,2,player4,,player6,,,2025-03-25T00:43:42.542590
20250325_002840,2,player6,,player1,,,2025-03-25T00:44:08.157295
20250325_002840,2,player7,,player4,,,2025-03-25T00:44:14.184374
20250325_002840,2,player8,,player1,,,2025-03-25T00:44:45.196637
